customer_id,name,city,signup_date
1001,Joshua Luthra,Narasaraopet,2025-10-13
1002,Arjun Panchal,Berhampore,2025-06-01
1003,Jackson Dubey,Gurgaon,2025-01-21
1004,Simon Mukhopadhyay,Sagar,2024-10-15
1005,Abeer Sami,Guntakal,2025-08-15
1006,Falguni Loyal,Haridwar,2024-12-18
1007,Mason Khare,Vellore,2025-11-30
1008,Irya Dua,Junagadh,2025-06-22
1009,Theodore Yohannan,Aizawl,2024-09-25
1010,Aarnav Sani,Jabalpur,2025-05-22
1011,Sudiksha Chaudry,Haldia,2026-04-26
1012,Aarnav Datta,Akola,2024-12-30
1013,Pooja Samra,Thiruvananthapuram,2025-05-18
1014,Zayan Gola,Meerut,2025-03-28
1015,Eesha More,Mathura,2025-04-28
1016,Eshana Ghosh,Udupi,2025-11-29
1017,Lipika Shenoy,Thanjavur,2024-09-02
1018,Yashica Bhardwaj,South Dumdum,2025-01-19
1019,Ijaya Rana,Karimnagar,2025-12-11
1020,Advay Pradhan,Imphal,2024-09-12
1021,Ridhi Shetty,Raurkela Industrial Township,2024-07-02
1022,Aadhya Yohannan,Karimnagar,2024-11-14
1023,Vivaan Tank,Gulbarga,2025-07-10
1024,Keya Sankaran,Tadepalligudem,2024-07-31
1025,Girik Patil,Mysore,2025-08-08
1026,Andrew Seth,Naihati,2025-04-06
1027,Sara Trivedi,Tadepalligudem,2024-09-05
1028,Robert Swamy,Tirunelveli,2026-02-17
1029,Sara Vig,Dhanbad,2026-02-09
1030,Chaitanya Chander,Srikakulam,2026-02-08
1031,Xavier Malhotra,Sangli-Miraj & Kupwad,2025-03-08
1032,Samaksh Rajan,Burhanpur,2025-11-29
1033,Yashvi Chauhan,Ahmednagar,2026-05-28
1034,Ekapad Salvi,Hubli–Dharwad,2025-08-29
1035,Rayaan Ben,Gulbarga,2025-06-20
1036,Samar Chawla,Chapra,2025-06-26
1037,Upma Kumer,Asansol,2024-10-28
1038,Advaith Nath,Gwalior,2025-03-28
1039,Anirudh Nori,Jorhat,2025-10-08
1040,Kabir Chada,Haldia,2026-04-04
1041,Lakshit Bava,Chandigarh,2026-02-12
1042,Zaid Ravi,Katihar,2025-02-12
1043,Yahvi Loke,Karnal,2025-08-04
1044,Lopa Kunda,Ahmednagar,2025-01-03
1045,Chaman Lala,Ranchi,2025-08-03
1046,Vansha Kanda,Panchkula,2026-05-30
1047,Raghav Gupta,Vijayanagaram,2024-08-14
1048,Brijesh Narula,Thane,2026-03-11
1049,Ranbir Buch,Thoothukudi,2025-09-08
1050,Turvi Gour,Shimla,2026-02-17
1051,Samaksh Prasad,Vadodara,2024-08-16
1052,Damini Lanka,Thiruvananthapuram,2024-10-19
1053,Ekantika Samra,Hajipur,2024-11-13
1054,Mitali Chauhan,Ambattur,2025-12-03
1055,William Modi,Korba,2025-03-17
1056,Kamala Mukherjee,Erode,2025-03-11
1057,Baghyawati Trivedi,Kota,2024-08-22
1058,Fiyaz Misra,Shivpuri,2026-02-02
1059,Ubika Tandon,Jabalpur,2026-04-22
1060,Megha Rattan,Malegaon,2024-12-12
1061,Qasim Kapadia,Sonipat,2025-06-17
1062,Aishani Datta,Shahjahanpur,2026-04-02
1063,Wridesh Khatri,Giridih,2025-01-31
1064,Aishani Bath,Jalna,2026-05-01
1065,Aachal Nazareth,Ramgarh,2025-07-28
1066,Suhani Wali,Pali,2024-06-11
1067,Krishna De,Jamnagar,2025-11-26
1068,Meghana Srivastava,Asansol,2024-07-31
1069,Diya Srinivas,Nagpur,2024-07-08
1070,Victor Ahuja,Pali,2025-06-06
1071,Lajita Pandit,Kanpur,2025-03-11
1072,Daksh Bose,Hajipur,2025-06-24
1073,Kala Nadkarni,Pali,2024-12-27
1074,Theodore Sachdev,Hapur,2024-11-02
1075,Krish Das,Kollam,2024-07-29
1076,Luke Karnik,Danapur,2025-08-11
1077,Lajita Chada,Salem,2024-08-30
1078,Advay D’Alia,Jaunpur,2025-01-30
1079,Prisha Korpal,Bokaro,2025-10-29
1080,Warjas Chaudhuri,Hazaribagh,2024-09-02
1081,Kabir Kala,Raurkela Industrial Township,2025-07-20
1082,Qushi Dixit,Davanagere,2024-07-05
1083,Karan Rajagopalan,Tiruppur,2024-12-26
1084,Kamala Bhakta,Madhyamgram,2025-01-26
1085,Ojas Jayaraman,Jodhpur,2026-03-04
1086,Maanas Hari,Mehsana,2025-05-26
1087,Onkar Sawhney,Singrauli,2024-10-22
1088,Praneel Magar,Sri Ganganagar,2025-03-19
1089,Finn Baral,Munger,2026-05-25
1090,Max Venkataraman,Panchkula,2025-10-25
1091,Michael Comar,Muzaffarnagar,2026-05-01
1092,Tanmayi Mann,Amritsar,2025-05-08
1093,Wyatt Divan,Patiala,2026-02-06
1094,Dayamai Chaudry,Chapra,2025-08-01
1095,Finn Rana,Fatehpur,2025-03-01
1096,Dalbir Mody,Dindigul,2025-06-30
1097,Lekha Anne,Nashik,2024-12-23
1098,Vyanjana Amble,Katihar,2025-01-31
1099,Panini Dani,Mira-Bhayandar,2024-07-24
1100,Thomas Nadkarni,Vellore,2025-02-15
1101,Yauvani Kurian,Gurgaon,2025-02-28
1102,Yatin Cherian,Sonipat,2025-02-16
1103,Diya Sani,Malegaon,2026-01-10
1104,Nitara Chokshi,Munger,2024-10-21
1105,Daniel Kaul,Dhule,2025-10-22
1106,Jackson Rege,Berhampore,2025-11-23
1107,Warjas Sura,Howrah,2025-06-28
1108,Sanaya Saran,Bhind,2025-03-13
1109,Max Rai,Malegaon,2024-07-17
1110,Ekaja Kari,Guna,2026-04-24
1111,Amol Chahal,Giridih,2025-01-01
1112,Radhika Palla,Jodhpur,2025-01-03
1113,Tara Sunder,Sri Ganganagar,2025-11-02
1114,Girindra Hegde,Bokaro,2025-08-03
1115,Riya Chawla,Madurai,2025-07-19
1116,Guneet Ahluwalia,Sonipat,2024-09-21
1117,Nihal Ghosh,Hazaribagh,2026-02-15
1118,Matthew Bose,Navi Mumbai,2024-09-23
1119,Rudra Yogi,Sambalpur,2024-08-19
1120,Pranit Chander,Arrah,2024-07-26
1121,Bimala Iyengar,Surendranagar Dudhrej,2025-06-09
1122,Tristan Tripathi,Vijayanagaram,2025-04-18
1123,Tanveer Choudhary,Rourkela,2025-05-17
1124,Zinal Thaker,Srinagar,2025-05-02
1125,Jason Krishnan,Pondicherry,2025-07-24
1126,Pranav Chakrabarti,Meerut,2025-04-19
1127,Zayyan Mani,Purnia,2024-09-07
1128,Janya Gara,Srikakulam,2024-12-25
1129,Dayita Chanda,Hubli–Dharwad,2024-11-04
1130,Yutika Balay,Jabalpur,2026-06-02
1131,Sneha Sastry,Aligarh,2024-07-24
1132,Rachita Grover,Mau,2024-12-03
1133,Yachana Bajaj,Gudivada,2025-08-26
1134,Garima Arya,Jalandhar,2025-12-24
1135,Varsha Bir,Khora ,2024-09-07
1136,Triveni Deo,Delhi,2026-03-19
1137,Saanvi Sur,Mahbubnagar,2025-04-09
1138,Jagdish Pant,Parbhani,2025-11-26
1139,Ria Muni,Gandhidham,2026-03-26
1140,Sai Luthra,Katni,2024-09-25
1141,Charan Varkey,Nangloi Jat,2026-04-09
1142,Madhav Luthra,Hapur,2024-09-02
1143,Nitara Morar,Jabalpur,2026-01-07
1144,Dayita Raja,Jabalpur,2025-05-17
1145,Adya Mallick,Singrauli,2026-02-27
1146,Tripti Murthy,Haldia,2024-10-28
1147,Arunima Mallick,Madanapalle,2024-06-02
1148,David Bhatti,Nizamabad,2024-06-04
1149,Falguni Rajan,Meerut,2026-03-08
1150,Farhan Palan,Amritsar,2025-01-09
1151,Rehaan Wadhwa,Baranagar,2024-11-10
1152,Anmol Thakkar,Bikaner,2025-02-16
1153,Amaira Dalal,Bhiwani,2025-09-07
1154,Nitara Padmanabhan,Mysore,2024-10-07
1155,Lekha Kata,Bhagalpur,2026-03-04
1156,Ekbal Amble,Sonipat,2025-10-07
1157,Dipta Solanki,Visakhapatnam,2024-11-11
1158,Aayush Chana,Buxar,2025-05-18
1159,Raksha Halder,Hospet,2025-09-24
1160,Yashoda Natt,Kota,2026-02-18
1161,Anya Badami,Pune,2024-08-25
1162,Teerth Agate,Ramagundam,2026-05-14
1163,Neelima Patla,Jamalpur,2025-12-09
1164,Anya Mahajan,Ahmednagar,2025-02-23
1165,Hredhaan Choudhry,Ulhasnagar,2024-12-27
1166,Sudiksha Bal,Chennai,2025-05-21
1167,Hiral Kara,Siliguri,2024-08-14
1168,Noah Edwin,Berhampore,2026-03-20
1169,Warda Narain,Solapur,2024-10-08
1170,Qushi Buch,Tirunelveli,2025-11-16
1171,Rajeshri Mandal,Thiruvananthapuram,2024-10-02
1172,Gagan Gala,Raipur,2026-01-03
1173,Onkar Sodhi,Kochi,2025-04-01
1174,Abha Dhillon,Allahabad,2024-07-22
1175,Zaid Devi,Nadiad,2025-01-30
1176,Yuvraj Mallick,Dibrugarh,2024-07-28
1177,Sachi Jha,Srikakulam,2025-11-17
1178,Balendra Nath,Ambattur,2025-07-29
1179,Triya Nagi,Shimla,2026-05-09
1180,Nachiket Mukhopadhyay,Amravati,2026-05-25
1181,Ojas Narayan,Jammu,2025-01-21
1182,Yauvani Magar,Machilipatnam,2024-10-05
1183,Saumya Sani,Jalgaon,2025-02-28
1184,Harish De,Bidar,2024-10-31
1185,Umang Loke,South Dumdum,2026-05-19
1186,Barkha Badal,Tadepalligudem,2024-10-31
1187,Pranav Raj,Srinagar,2024-08-31
1188,Charles Saraf,Tiruchirappalli,2025-05-10
1189,Netra Patla,Ulhasnagar,2025-10-15
1190,Ijaya Vasa,Meerut,2025-11-11
1191,Hiral Kadakia,Rewa,2026-01-17
1192,Pranav Gade,Patiala,2025-12-18
1193,Mitali Andra,Hajipur,2025-03-23
1194,Rayaan Agarwal,Ballia,2025-03-21
1195,Bimala Bera,Bharatpur,2026-03-25
1196,Brinda Sahni,Mumbai,2025-04-01
1197,Hiral Pal,Munger,2025-02-05
1198,Xalak Deo,Vellore,2025-09-14
1199,Wridesh Thaman,Aizawl,2025-10-29
1200,Oscar Mittal,Ratlam,2025-02-13
1201,Anamika Nath,Chinsurah,2025-09-12
1202,Akshay Apte,Mau,2025-11-07
1203,Udarsh Raj,Sri Ganganagar,2024-11-20
1204,Laban Hegde,Kalyan-Dombivli,2025-09-01
1205,Aarna Dutt,Nizamabad,2025-03-23
1206,Imaran Dara,Varanasi,2024-07-22
1207,Maya Srinivasan,Solapur,2025-01-24
1208,Udyati Bhasin,Kavali,2025-06-18
1209,Yashasvi Murty,Maheshtala,2024-11-26
1210,Ekantika Nigam,Raiganj,2025-01-13
1211,Forum Varty,Alwar,2024-12-04
1212,Vamakshi Gupta,Ranchi,2025-06-02
1213,Wakeeta Saxena,Nanded,2025-12-05
1214,Matthew Shankar,Jamshedpur,2025-01-27
1215,Lakshit Kala,New Delhi,2025-03-07
1216,Kashish Raghavan,Khammam,2025-01-10
1217,Aryan Lall,Berhampur,2026-02-12
1218,Ishita Issac,Narasaraopet,2025-07-08
1219,Vasudha Chaudhari,Rajkot,2025-12-04
1220,Qushi Balan,Amravati,2024-06-10
1221,Nitara Uppal,Eluru,2026-03-02
1222,Ishita Mukhopadhyay,Avadi,2025-09-28
1223,Sudiksha Dugar,Gulbarga,2026-04-28
1224,Devika Srinivasan,Delhi,2025-02-23
1225,Vivaan Hora,Avadi,2026-06-01
1226,Ronith Chander,Karimnagar,2026-05-27
1227,Nirja Jha,Junagadh,2024-12-02
1228,Baljiwan Purohit,Bhubaneswar,2025-11-07
1229,Wishi Suresh,Vadodara,2025-02-01
1230,Ekanta Dara,Gudivada,2025-05-21
1231,Warda Zacharia,Asansol,2026-05-25
1232,Maanas Babu,Farrukhabad,2025-11-26
1233,Ojasvi Verma,Pali,2025-04-19
1234,Victor Srivastava,Hospet,2025-10-05
1235,Lajita Doctor,Dharmavaram,2025-12-12
1236,Pallavi Soman,Arrah,2025-08-11
1237,Aashi Bawa,Warangal,2024-10-14
1238,Michael Tara,New Delhi,2026-04-10
1239,Rushil Bava,Pallavaram,2025-09-09
1240,Ishaan Chaudhuri,Bidar,2025-05-17
1241,Girindra Kibe,Thiruvananthapuram,2024-06-12
1242,Parth Chaudhari,Ratlam,2026-05-16
1243,Kalpit Peri,Hyderabad,2024-10-26
1244,Harshil De,Guwahati,2025-07-24
1245,Bhavna Varkey,Panvel,2024-09-15
1246,Omkaar Ratta,Jehanabad,2025-02-23
1247,Ethan Patla,Etawah,2025-03-05
1248,Kashvi Anand,Bhilai,2026-01-12
1249,Fariq D’Alia,Bhubaneswar,2024-11-26
1250,Harrison Deo,Phagwara,2025-02-09
1251,Gaurika Solanki,Dindigul,2025-06-28
1252,Azaan Gara,Raichur,2025-09-03
1253,Nitesh Badami,Shivpuri,2025-01-30
1254,Gaurangi Rai,Chittoor,2026-04-07
1255,Onveer Chandra,Vijayanagaram,2026-01-05
1256,Amrita Sunder,Nashik,2026-02-05
1257,Anya Dass,Bareilly,2025-05-03
1258,Samarth Bansal,Bhavnagar,2026-03-27
1259,Manya Bali,Varanasi,2026-01-25
1260,Waida Bhandari,Secunderabad,2025-08-30
1261,Aarav Kurian,Kalyan-Dombivli,2025-01-30
1262,Lipika Arora,Jaipur,2024-07-17
1263,Andrew Saxena,Kishanganj,2026-01-08
1264,Karan Dora,Dhule,2026-01-27
1265,Chakradhar Date,Kanpur,2025-04-26
1266,Chaman Hora,Pimpri-Chinchwad,2025-01-17
1267,Falan Arya,Fatehpur,2024-12-21
1268,Reva Chadha,Akola,2025-10-08
1269,Raagini Hans,Allahabad,2026-03-05
1270,Lipika Golla,Korba,2026-01-12
1271,Patrick Chawla,Allahabad,2025-05-28
1272,Chandran Misra,Gandhinagar,2024-07-04
1273,Garima Pal,Guntakal,2026-04-15
1274,Yutika Mall,Bettiah,2024-11-20
1275,Arin Butala,Karaikudi,2024-07-22
1276,Dalbir Dhawan,Secunderabad,2025-05-29
1277,Aahana Madan,Durg,2024-07-26
1278,Gopal Walla,Bidhannagar,2025-03-16
1279,Darsh Edwin,Bangalore,2025-09-03
1280,Gayathri Gola,Bardhaman,2026-05-23
1281,Keya Barad,Srikakulam,2025-02-26
1282,Hemangini Gade,Karawal Nagar,2024-12-29
1283,Leena Kara,Rourkela,2024-12-08
1284,Lakshmi Mallick,Kozhikode,2025-08-06
1285,Anjali Apte,Raurkela Industrial Township,2024-07-15
1286,Qabil Chahal,Bally,2026-01-22
1287,Netra Prabhakar,Jamnagar,2025-10-16
1288,Saksham Nagi,Gangtok,2025-04-18
1289,Agastya Kuruvilla,Machilipatnam,2026-05-27
1290,Advika Vaidya,Kota,2025-01-13
1291,Kalpit Raj,Coimbatore,2025-06-21
1292,Lila Biswas,Morena,2025-09-24
1293,Abdul Magar,Bhilwara,2025-04-03
1294,Abhiram Kalla,Bhavnagar,2024-08-10
1295,Amruta Jha,Jorhat,2025-11-28
1296,Arya Kant,Panchkula,2024-12-31
1297,Sai Kade,Muzaffarpur,2025-03-08
1298,Brinda Gupta,Mehsana,2026-03-15
1299,Pahal Buch,Purnia,2024-10-09
1300,Brinda Kunda,Bhiwani,2025-03-04
1301,Faras Bhagat,Nagaon,2025-04-21
1302,Neel Ganesh,Khandwa,2025-10-18
1303,Aarush Vala,Raiganj,2026-04-02
1304,Agastya Rana,Dehri,2025-09-23
1305,Chavvi Lata,Kalyan-Dombivli,2024-11-29
1306,Pavani Kumer,Parbhani,2025-07-27
1307,Ekiya Varghese,Burhanpur,2024-06-10
1308,Barkha Seth,Medininagar,2026-02-10
1309,Shivansh Kala,Nadiad,2025-05-25
1310,Nachiket Jha,Eluru,2024-08-30
1311,Ekbal Goel,Rohtak,2026-05-15
1312,Vaishnavi Ram,Vijayawada,2025-09-18
1313,Osha Dey,Thanjavur,2024-11-12
1314,Hema Sankar,Guntur,2024-11-23
1315,Jacob Pai,Pondicherry,2025-04-26
1316,Liam Loke,Bellary,2024-06-04
1317,Banjeet Char,Fatehpur,2026-01-21
1318,Gaurika Tiwari,Saharanpur,2025-02-16
1319,Jagat Sankaran,Tiruppur,2025-10-10
1320,Mohini Khalsa,Jammu,2026-02-11
1321,Sneha Gera,Sirsa,2026-02-27
1322,Eta Kakar,Dehri,2024-10-19
1323,Darika Rajagopalan,Aligarh,2026-05-28
1324,Girish Sundaram,Mira-Bhayandar,2026-03-19
1325,Damyanti Reddy,Bellary,2025-09-23
1326,Niharika Sur,Guna,2024-09-05
1327,Samuel Comar,Solapur,2024-09-25
1328,Ridhi Basu,Ghaziabad,2024-06-25
1329,Kiaan Sarna,Bellary,2024-11-12
1330,Balhaar Sawhney,Bellary,2024-12-31
1331,Gayathri Pillay,Munger,2026-01-15
1332,Harrison Konda,Bhiwani,2025-08-20
1333,Vrinda Subramaniam,Panchkula,2025-06-13
1334,Bimala Saxena,Gopalpur,2026-01-11
1335,Nathaniel Desai,Yamunanagar,2025-07-11
1336,Samaksh Loke,Pallavaram,2026-05-14
1337,Qadim Golla,Noida,2024-10-21
1338,Aadi Narayan,Adoni,2025-03-27
1339,Chaaya Ramachandran,Pune,2026-03-04
1340,Teerth Banik,Gopalpur,2025-12-02
1341,Nimrat Rout,Parbhani,2025-01-20
1342,Maya Bora,Bihar Sharif,2024-09-30
1343,Amruta Venkataraman,Barasat,2025-10-24
1344,Krish Lad,Jabalpur,2025-07-07
1345,Oeshi Cherian,Parbhani,2025-12-11
1346,Vansha Gole,Nagaon,2024-11-05
1347,Lohit Kapadia,Sasaram,2025-12-25
1348,Widisha Kunda,Tezpur,2025-01-11
1349,Chameli Gokhale,Suryapet,2026-01-10
1350,Diya Ghose,Karawal Nagar,2025-08-04
1351,Mason Balasubramanian,Bhiwandi,2026-02-23
1352,Matthew Sarraf,Bidhannagar,2025-09-14
1353,Avni Mand,Bhavnagar,2025-02-08
1354,Bhanumati Luthra,Miryalaguda,2026-03-09
1355,Ekansh Ganesh,Nadiad,2026-01-04
1356,Lopa Lad,Mehsana,2026-03-17
1357,Ira Memon,Sasaram,2025-08-20
1358,Vasudha Manda,Agartala,2025-10-16
1359,Nisha Talwar,Morena,2024-06-17
1360,Januja Mutti,Rampur,2024-09-12
1361,Advika Manne,Allahabad,2024-09-28
1362,Leela Chopra,Latur,2024-09-04
1363,Nakul Sahni,Mango,2024-11-26
1364,Yashica Narain,Jalandhar,2025-12-29
1365,Avni Tata,Mahbubnagar,2025-01-01
1366,Vasatika Mukhopadhyay,Bally,2025-05-25
1367,Aryan Karnik,Jalgaon,2024-08-17
1368,Manya Mukherjee,Sagar,2024-07-26
1369,Suhani Bhagat,Mau,2024-06-15
1370,Mohini Gaba,Surat,2025-04-28
1371,Sathvik Chaudhry,Kozhikode,2025-08-14
1372,Utkarsh Khalsa,Solapur,2025-10-09
1373,Vrinda Iyengar,Bhilai,2026-02-19
1374,Vasatika Chaudhari,Ghaziabad,2024-06-21
1375,Lopa Bhatt,Allahabad,2025-09-29
1376,Upasna Sagar,Ongole,2025-04-17
1377,Ekanta Desai,Thanjavur,2026-01-28
1378,Saanvi Chandran,Bhavnagar,2025-01-27
1379,Gauri Bala,Jaunpur,2024-10-15
1380,Bhavya Kale,Aligarh,2024-12-21
1381,Harini Bahl,Coimbatore,2025-06-02
1382,Anamika Prakash,Kalyan-Dombivli,2026-04-02
1383,Ekapad Varghese,Nangloi Jat,2026-05-12
1384,Kalpit Sangha,Amroha,2025-04-23
1385,Bimala Doctor,Kollam,2026-03-20
1386,Ekanta Shah,Gandhidham,2026-04-09
1387,Dayamai Borde,Imphal,2026-01-24
1388,Nidhi Gaba,Sikar,2026-03-22
1389,Daniel Madan,Sangli-Miraj & Kupwad,2025-04-29
1390,Yasti Roy,Bhavnagar,2025-11-02
1391,Jeet Mane,Parbhani,2026-04-21
1392,Nidhi Patil,Thane,2024-06-19
1393,Saksham Agrawal,Saharsa,2025-07-29
1394,Bhavini Saraf,Chittoor,2025-05-20
1395,Rayaan Sathe,Solapur,2025-04-07
1396,Mohammed Parmar,Sangli-Miraj & Kupwad,2024-09-01
1397,Ranveer Raman,Adoni,2024-06-19
1398,Indali Chander,Salem,2026-02-19
1399,Devika Varughese,Patiala,2026-04-15
1400,Noah Dasgupta,Tiruvottiyur,2025-06-05
1401,Vihaan Keer,Dehradun,2024-07-04
1402,Indrajit Dave,Bangalore,2025-01-08
1403,Anika Narang,Anand,2024-09-07
1404,Darika Lata,Kolhapur,2025-03-19
1405,Indira Cheema,Khandwa,2025-04-01
1406,Abdul Dugar,Nadiad,2026-03-29
1407,Chatresh Rastogi,Kamarhati,2025-05-17
1408,Om Dani,Bhatpara,2025-04-07
1409,Vasatika Swaminathan,Kishanganj,2026-03-09
1410,Maanav Nagarajan,Burhanpur,2025-10-06
1411,Neelima Gupta,Nandyal,2025-02-09
1412,Samarth Bakshi,Bihar Sharif,2026-01-13
1413,Waida Mammen,Meerut,2026-01-11
1414,Faraj Shroff,Dewas,2026-05-27
1415,Kai Agrawal,Bhiwandi,2024-12-19
1416,Watika Sarraf,Satna,2025-09-18
1417,Yasti Dara,Bikaner,2026-03-23
1418,Bishakha Ganesh,Bilaspur,2024-08-23
1419,Ekta Mangal,Yamunanagar,2026-05-17
1420,Yauvani Buch,Kharagpur,2024-11-16
1421,Diya Sathe,Raebareli,2025-09-03
1422,Falak Gera,Korba,2025-09-15
1423,Liam Jha,Kishanganj,2025-07-30
1424,Ikbal Kari,Purnia,2024-12-31
1425,Maanas Gala,Tiruchirappalli,2025-09-18
1426,Osha Kalla,North Dumdum,2024-10-10
1427,Nicholas Patil,Sambhal,2024-10-23
1428,Arjun Som,Warangal,2025-12-14
1429,Garima Sahni,Rajkot,2025-03-31
1430,Chandran Ghosh,Nagercoil,2026-03-05
1431,Samesh Gupta,Etawah,2026-04-26
1432,Daksha Bhagat,Kurnool,2025-02-13
1433,Eshana Kari,Kharagpur,2025-04-14
1434,Ikbal Nadkarni,Ballia,2026-05-28
1435,Tanish Sachar,Faridabad,2024-10-04
1436,Pahal Dhaliwal,Ahmedabad,2025-08-30
1437,Anthony Dutta,Amritsar,2025-06-15
1438,Farhan Buch,Mangalore,2025-05-27
1439,Aryan Chakrabarti,Bangalore,2025-02-26
1440,Girish Gaba,Saharsa,2026-04-06
1441,Falguni Krishna,Mehsana,2025-08-03
1442,Bachittar Lad,Thoothukudi,2025-04-14
1443,Frederick Sibal,Danapur,2024-07-26
1444,Veer Chaudhary,Ujjain,2026-02-11
1445,Vamakshi Mammen,Bettiah,2025-05-09
1446,Advaith Sinha,Kumbakonam,2024-10-14
1447,Nilima Lalla,Farrukhabad,2025-11-20
1448,Zehaan Badami,Karimnagar,2025-05-10
1449,Ayush Guha,Tenali,2026-03-26
1450,Saksham Oza,Korba,2025-09-05
1451,Damini Oak,Tinsukia,2026-05-03
1452,Naveen Kota,Raurkela Industrial Township,2025-12-16
1453,Caleb Tiwari,Patna,2025-07-30
1454,Wishi Seshadri,Tiruvottiyur,2025-12-07
1455,Bishakha Banik,Barasat,2026-05-28
1456,Krisha Nori,Delhi,2024-10-27
1457,Ojas Das,Nagercoil,2025-02-03
1458,Aayush Halder,Bhimavaram,2024-12-26
1459,Isaac Tara,Berhampore,2025-07-29
1460,Aarush Vala,Warangal,2025-05-15
1461,Yutika Raj,Bettiah,2024-11-14
1462,Aahana Rajagopalan,Bahraich,2024-07-20
1463,Eta Lad,Imphal,2025-02-27
1464,Meera Menon,Bhind,2024-08-02
1465,Anusha Iyengar,Aligarh,2026-03-28
1466,Dhruv Mane,Khandwa,2025-06-05
1467,Sara Sant,Kochi,2025-11-29
1468,Owen Sibal,Ranchi,2025-12-20
1469,Vamakshi Korpal,Bilaspur,2026-05-05
1470,Arunima Trivedi,Jehanabad,2025-04-16
1471,Kalpit Magar,Thiruvananthapuram,2025-12-25
1472,Watika Doshi,Kalyan-Dombivli,2024-07-07
1473,Jyoti Bhandari,Raichur,2024-12-11
1474,Aarush Nagi,Bulandshahr,2025-03-26
1475,Ubika Basu,Rohtak,2024-08-16
1476,Eta Pandya,Gangtok,2025-09-02
1477,Rudra Nagy,Siwan,2026-03-01
1478,Ridhi Radhakrishnan,Begusarai,2026-02-22
1479,Amaira Chawla,Dehri,2025-12-01
1480,Christopher Sibal,Raebareli,2025-10-21
1481,Tara Nayar,Raipur,2026-03-22
1482,Darika Din,Ongole,2024-10-28
1483,Kiaan Suri,Sambhal,2026-04-22
1484,Chatura Seshadri,Ambarnath,2025-09-28
1485,Dominic Dewan,Hubli–Dharwad,2024-11-26
1486,Arin Amble,Giridih,2026-01-10
1487,Laban Madan,Thoothukudi,2024-11-30
1488,Gaurang Nayar,Sangli-Miraj & Kupwad,2025-07-15
1489,Anthony Korpal,Ulhasnagar,2025-09-28
1490,Pavani Bandi,Purnia,2024-08-14
1491,Rachit Pandey,Tirunelveli,2026-04-29
1492,Max Mani,Bathinda,2026-04-12
1493,Guneet Lad,Sambalpur,2024-07-15
1494,Faqid Loyal,Jamshedpur,2025-10-27
1495,Daksha Bhatt,Buxar,2024-09-12
1496,Ati Date,Srinagar,2025-01-03
1497,Wriddhish Rau,Chandigarh,2026-01-31
1498,Chasmum Deep,Maheshtala,2025-03-25
1499,Wakeeta Gera,Vellore,2024-06-08
1500,Aarini Krishna,Cuttack,2024-11-09
